Workbook

Sheet Introduction
B2: 00. System configuration
B4: ENLIGHT | J4: Version: | K4: 1
B23: 1.1 Contact Persons
E25: E-mail: | H25: Telephone:
B26: Marco Saretta | E26: MCSR@ramboll.com | H26: 0045 60361204
B27: Søren Møller Thomsen | E27: SMT@ramboll.com | H27: 0045 51612421

Sheet Project setup
C2: Project setup
C5: Project timeline
D8: label | E8: key | F8: format | G8: unit | H8: scenario_1 | I8: scenario_2 | J8: scenario_3 | K8: scenario_4 | L8: scenario_5 | M8: scenario_6 | N8: scenario_7 | O8: scenario_8 | P8: scenario_9 | Q8: scenario_10
B9: Prediction year | D9: SETUP | E9: prediction_year | F9: int | G9: Year | H9: 2040 | I9: 2040 | J9: 2040 | K9: =J9 -> 2040
C11: Wind generation
B13: 2.1.0 | C13: Onshore wind
D15: label | E15: key | F15: format | G15: unit | H15: scenario_1 | I15: scenario_2 | J15: scenario_3 | K15: scenario_4 | L15: scenario_5 | M15: scenario_6 | N15: scenario_7 | O15: scenario_8 | P15: scenario_9 | Q15: scenario_10
B16: Weather year | D16: WIND_ON | E16: wind_onshore_wy | F16: int | G16: Year | H16: 2020 | I16: 2021 | J16: 2023 | K16: 2024
B17: Capacity projection file | D17: WIND_ON | E17: wind_onshore_cap_file | F17: str | G17: - | H17: TYNDP_2024_National_Trends | I17: TYNDP_2024_National_Trends | J17: TYNDP_2024_National_Trends | K17: TYNDP_2024_National_Trends
B18: Bid price | D18: WIND_ON | E18: wind_onshore_bid_price | F18: float | H18: 0.01 | I18: =H18 -> 0.01 | J18: =I18 -> 0.01 | K18: =J18 -> 0.01
B20: 2.1.0 | C20: Offshore wind
D22: label | E22: key | F22: format | G22: unit | H22: scenario_1 | I22: scenario_2 | J22: scenario_3 | K22: scenario_4 | L22: scenario_5 | M22: scenario_6 | N22: scenario_7 | O22: scenario_8 | P22: scenario_9 | Q22: scenario_10
B23: Weather year | D23: WIND_OFF | E23: wind_offshore_wy | F23: int | G23: Year | H23: 2020 | I23: 2021 | J23: 2023 | K23: 2024
B24: Capacity projection file | D24: WIND_OFF | E24: wind_offshore_cap_file | F24: str | G24: - | H24: TYNDP_2024_National_Trends | I24: TYNDP_2024_National_Trends | J24: TYNDP_2024_National_Trends | K24: TYNDP_2024_National_Trends
B25: Bid price | D25: WIND_OFF | E25: wind_offshore_bid_price | F25: float | G25: EUR/MWh | H25: 0.02 | I25: =H25 -> 0.02 | J25: =I25 -> 0.02 | K25: =J25 -> 0.02
C27: Solar PV
D29: label | E29: key | F29: format | G29: unit | H29: scenario_1 | I29: scenario_2 | J29: scenario_3 | K29: scenario_4 | L29: scenario_5 | M29: scenario_6 | N29: scenario_7 | O29: scenario_8 | P29: scenario_9 | Q29: scenario_10
B30: Weather year | D30: SOLAR | E30: solar_pv_wy | F30: int | G30: Year | H30: 2020 | I30: 2021 | J30: 2023 | K30: 2024
B31: Capacity projection file | D31: SOLAR | E31: solar_pv_cap_file | F31: str | G31: - | H31: TYNDP_2024_National_Trends | I31: TYNDP_2024_National_Trends | J31: TYNDP_2024_National_Trends | K31: TYNDP_2024_National_Trends
B32: Bid price | D32: SOLAR | E32: solar_pv_bid_price | F32: float | G32: EUR/MWh | H32: 0.03 | I32: =H32 -> 0.03 | J32: =I32 -> 0.03 | K32: =J32 -> 0.03
C34: Hydro power
C36: Run of river
D38: label | E38: key | F38: format | G38: unit | H38: scenario_1 | I38: scenario_2 | J38: scenario_3 | K38: scenario_4 | L38: scenario_5 | M38: scenario_6 | N38: scenario_7 | O38: scenario_8 | P38: scenario_9 | Q38: scenario_10
B39: Weather year | D39: HYDRO_ROR | E39: hydro_ror_wy | F39: int | G39: Year | H39: 2020 | I39: 2021 | J39: 2023 | K39: 2024
B40: Capacity expansion file | D40: HYDRO_ROR | E40: hydro_ror_cap_file | F40: str | G40: - | H40: TYNDP_2024_National_Trends | I40: TYNDP_2024_National_Trends | J40: TYNDP_2024_National_Trends | K40: TYNDP_2024_National_Trends
B41: Bid price | D41: HYDRO_ROR | E41: hydro_ror_bid_price | F41: float | G41: EUR/MWh | H41: 0.04 | I41: =H41 -> 0.04 | J41: =I41 -> 0.04 | K41: =J41 -> 0.04
C43: Reservoir hydro
D45: label | E45: key | F45: format | G45: unit | H45: scenario_1 | I45: scenario_2 | J45: scenario_3 | K45: scenario_4 | L45: scenario_5 | M45: scenario_6 | N45: scenario_7 | O45: scenario_8 | P45: scenario_9 | Q45: scenario_10
B46: Reservoir hydro units file | D46: HYDRO_RES | E46: hydro_res_units_file | F46: float | G46: % | H46: hydro_reservoir_units | I46: hydro_reservoir_units | J46: hydro_reservoir_units | K46: hydro_reservoir_units
B47: Energy availability weather year | D47: HYDRO_RES | E47: hydro_res_energy_wy | F47: float | G47: % | H47: 2020 | I47: 2021 | J47: 2023 | K47: 2024
B48: Fuel price projection | D48: HYDRO_RES | E48: hydro_res_bid_price | F48: str | G48: - | H48: ramboll | I48: ramboll | J48: ramboll | K48: ramboll
C50: Pumped hydro
D52: label | E52: key | F52: format | G52: unit | H52: scenario_1 | I52: scenario_2 | J52: scenario_3 | K52: scenario_4 | L52: scenario_5 | M52: scenario_6 | N52: scenario_7 | O52: scenario_8 | P52: scenario_9 | Q52: scenario_10
B53: Pumped hydro storage file | D53: HYDRO_PS | E53: hydro_ps_units_file | F53: float | G53: - | H53: hydro_pumped_storage_units | I53: hydro_pumped_storage_units | J53: hydro_pumped_storage_units | K53: hydro_pumped_storage_units
B54: Initial state-of-charge | D54: HYDRO_PS | E54: hydro_ps_initial_soc | F54: float | G54: - | H54: 0.5 | I54: 0.5 | J54: 0.5 | K54: 0.5
B55: Roundtrip efficiency | D55: HYDRO_PS | E55: hydro_ps_roundtrip | F55: float | G55: - | H55: 0.9 | I55: 0.9 | J55: 0.9 | K55: 0.9
B56: Fuel price projection | D56: HYDRO_PS | E56: hydro_ph_fuel_proj | F56: str | G56: - | H56: ramboll | I56: ramboll | J56: ramboll | K56: ramboll
C58: Thermal generators
D60: label | E60: key | F60: format | G60: unit | H60: scenario_1 | I60: scenario_2 | J60: scenario_3 | K60: scenario_4 | L60: scenario_5 | M60: scenario_6 | N60: scenario_7 | O60: scenario_8 | P60: scenario_9 | Q60: scenario_10
B61: Thermal units file | D61: THERMAL | E61: thermal_units_file | F61: str | G61: - | H61: thermal_plant_units | I61: thermal_plant_units | J61: thermal_plant_units | K61: thermal_plant_units
B62: Fuel price projection | D62: THERMAL | E62: thermal_fuel_proj | F62: str | G62: - | H62: ramboll | I62: ramboll | J62: ramboll | K62: ramboll
C64: Lines
D66: label | E66: key | F66: format | G66: unit | H66: scenario_1 | I66: scenario_2 | J66: scenario_3 | K66: scenario_4 | L66: scenario_5 | M66: scenario_6 | N66: scenario_7 | O66: scenario_8 | P66: scenario_9 | Q66: scenario_10
B67: Lines capacity file | D67: LINES | E67: line_cap_file | F67: str | G67: - | H67: entsoe | I67: entsoe | J67: entsoe | K67: entsoe
C69: Inflex demand
B71: 2.1.0 | C71: Classic baseload
D73: label | E73: key | F73: format | G73: unit | H73: scenario_1 | I73: scenario_2 | J73: scenario_3 | K73: scenario_4 | L73: scenario_5 | M73: scenario_6 | N73: scenario_7 | O73: scenario_8 | P73: scenario_9 | Q73: scenario_10
B74: Profile year | D74: DEMAND_INF_CLA | E74: demand_inf_cla_py | F74: int | G74: Year | H74: 2020 | I74: 2020 | J74: 2020 | K74: 2020
B75: Total demand amount file | D75: DEMAND_INF_CLA | E75: demand_inf_cla_amount_file | F75: str | G75: - | H75: TYNDP_2024_National_Trends | I75: TYNDP_2024_National_Trends | J75: TYNDP_2024_National_Trends | K75: TYNDP_2024_National_Trends
B76: VOLL | D76: DEMAND_INF_CLA | E76: demand_inf_cla_voll | F76: float | G76: EUR/MWh | H76: 5000 | I76: 5000 | J76: 5000 | K76: 5000
B78: 2.1.0 | C78: Industry baseload
D80: label | E80: key | F80: format | G80: unit | H80: scenario_1 | I80: scenario_2 | J80: scenario_3 | K80: scenario_4 | L80: scenario_5 | M80: scenario_6 | N80: scenario_7 | O80: scenario_8 | P80: scenario_9 | Q80: scenario_10
B81: Profile year | D81: DEMAND_INF_IND | E81: demand_inf_ind_py | F81: int | G81: Year | H81: 2020 | I81: 2020 | J81: 2020 | K81: 2020
B82: Total demand amount file | D82: DEMAND_INF_IND | E82: demand_inf_ind_amount_file | F82: str | G82: - | H82: TYNDP_2024_National_Trends | I82: TYNDP_2024_National_Trends | J82: TYNDP_2024_National_Trends | K82: TYNDP_2024_National_Trends
B83: VOLL | D83: DEMAND_INF_IND | E83: demand_inf_ind_voll | F83: float | G83: EUR/MWh | H83: 5001 | I83: 5001 | J83: 5001 | K83: 5001
B85: 2.1.0 | C85: Households baseload
D87: label | E87: key | F87: format | G87: unit | H87: scenario_1 | I87: scenario_2 | J87: scenario_3 | K87: scenario_4 | L87: scenario_5 | M87: scenario_6 | N87: scenario_7 | O87: scenario_8 | P87: scenario_9 | Q87: scenario_10
B88: Profile year | D88: DEMAND_INF_HOU | E88: demand_inf_hou_py | F88: int | G88: Year | H88: 2020 | I88: 2020 | J88: 2020 | K88: 2020
B89: Total demand amount file | D89: DEMAND_INF_HOU | E89: demand_inf_hou_amount_file | F89: str | G89: - | H89: TYNDP_2024_National_Trends | I89: TYNDP_2024_National_Trends | J89: TYNDP_2024_National_Trends | K89: TYNDP_2024_National_Trends
B90: VOLL | D90: DEMAND_INF_HOU | E90: demand_inf_hou_voll | F90: float | G90: EUR/MWh | H90: 5002 | I90: 5002 | J90: 5002 | K90: 5002
B92: 2.1.0 | C92: Public sector baseload
D94: label | E94: key | F94: format | G94: unit | H94: scenario_1 | I94: scenario_2 | J94: scenario_3 | K94: scenario_4 | L94: scenario_5 | M94: scenario_6 | N94: scenario_7 | O94: scenario_8 | P94: scenario_9 | Q94: scenario_10
B95: Profile year | D95: DEMAND_INF_PUB | E95: demand_inf_pub_py | F95: int | G95: Year | H95: 2020 | I95: 2020 | J95: 2020 | K95: 2020
B96: Total demand amount file | D96: DEMAND_INF_PUB | E96: demand_inf_pub_amount_file | F96: str | G96: - | H96: TYNDP_2024_National_Trends | I96: TYNDP_2024_National_Trends | J96: TYNDP_2024_National_Trends | K96: TYNDP_2024_National_Trends
B97: VOLL | D97: DEMAND_INF_PUB | E97: demand_inf_pub_voll | F97: float | G97: EUR/MWh | H97: 5003 | I97: 5003 | J97: 5003 | K97: 5003
B99: 2.1.0 | C99: EV baseload
D101: label | E101: key | F101: format | G101: unit | H101: scenario_1 | I101: scenario_2 | J101: scenario_3 | K101: scenario_4 | L101: scenario_5 | M101: scenario_6 | N101: scenario_7 | O101: scenario_8 | P101: scenario_9 | Q101: scenario_10
B102: Profile year | D102: DEMAND_INF_EV | E102: demand_inf_ev_py | F102: int | G102: Year | H102: 2020 | I102: 2020 | J102: 2020 | K102: 2020
B103: Total demand amount file | D103: DEMAND_INF_EV | E103: demand_inf_ev_amount_file | F103: str | G103: - | H103: TYNDP_2024_National_Trends | I103: TYNDP_2024_National_Trends | J103: TYNDP_2024_National_Trends | K103: TYNDP_2024_National_Trends
B104: VOLL | D104: DEMAND_INF_EV | E104: demand_inf_ev_voll | F104: float | G104: EUR/MWh | H104: 5004 | I104: 5004 | J104: 5004 | K104: 5004
C106: Flex demand
B108: 2.1.0 | C108: Classic demand flexload
D110: label | E110: key | F110: format | G110: unit | H110: scenario_1 | I110: scenario_2 | J110: scenario_3 | K110: scenario_4 | L110: scenario_5 | M110: scenario_6 | N110: scenario_7 | O110: scenario_8 | P110: scenario_9 | Q110: scenario_10
B111: Flex demand amount file | D111: DEMAND_FLEX_CLA | E111: demand_flex_cla_amount_file | F111: str | G111: - | H111: TYNDP_2024_National_Trends | I111: TYNDP_2024_National_Trends | J111: TYNDP_2024_National_Trends | K111: TYNDP_2024_National_Trends
B112: Flex demand capacity | D112: DEMAND_FLEX_CLA | E112: demand_flex_cla_cap_file | F112: str | G112: - | H112: TYNDP_2024_National_Trends | I112: TYNDP_2024_National_Trends | J112: TYNDP_2024_National_Trends | K112: TYNDP_2024_National_Trends
B113: Willingness to pay | D113: DEMAND_FLEX_CLA | E113: demand_flex_cla_wtp | F113: float | G113: EUR/MWh | H113: 100 | I113: 100 | J113: 100 | K113: 100
B115: 2.1.0 | C115: Industry flexload
D117: label | E117: key | F117: format | G117: unit | H117: scenario_1 | I117: scenario_2 | J117: scenario_3 | K117: scenario_4 | L117: scenario_5 | M117: scenario_6 | N117: scenario_7 | O117: scenario_8 | P117: scenario_9 | Q117: scenario_10
B118: Flex demand amount file | D118: DEMAND_FLEX_IND | E118: demand_flex_ind_amount_file | F118: str | G118: - | H118: TYNDP_2024_National_Trends | I118: TYNDP_2024_National_Trends | J118: TYNDP_2024_National_Trends | K118: TYNDP_2024_National_Trends
B119: Flex demand capacity | D119: DEMAND_FLEX_IND | E119: demand_flex_ind_cap_file | F119: str | G119: - | H119: TYNDP_2024_National_Trends | I119: TYNDP_2024_National_Trends | J119: TYNDP_2024_National_Trends | K119: TYNDP_2024_National_Trends
B120: Willingness to pay | D120: DEMAND_FLEX_IND | E120: demand_flex_ind_wtp | F120: float | G120: EUR/MWh | H120: 101 | I120: 101 | J120: 101 | K120: 101
B122: 2.1.0 | C122: Households flexload
D124: label | E124: key | F124: format | G124: unit | H124: scenario_1 | I124: scenario_2 | J124: scenario_3 | K124: scenario_4 | L124: scenario_5 | M124: scenario_6 | N124: scenario_7 | O124: scenario_8 | P124: scenario_9 | Q124: scenario_10
B125: Flex demand amount file | D125: DEMAND_FLEX_HOU | E125: demand_flex_hou_amount_file | F125: str | G125: - | H125: TYNDP_2024_National_Trends | I125: TYNDP_2024_National_Trends | J125: TYNDP_2024_National_Trends | K125: TYNDP_2024_National_Trends
B126: Flex demand capacity | D126: DEMAND_FLEX_HOU | E126: demand_flex_hou_cap_file | F126: str | G126: - | H126: TYNDP_2024_National_Trends | I126: TYNDP_2024_National_Trends | J126: TYNDP_2024_National_Trends | K126: TYNDP_2024_National_Trends
B127: Willingness to pay | D127: DEMAND_FLEX_HOU | E127: demand_flex_hou_wtp | F127: float | G127: EUR/MWh | H127: 102 | I127: 102 | J127: 102 | K127: 102
B129: 2.1.0 | C129: Public sector flexload
D131: label | E131: key | F131: format | G131: unit | H131: scenario_1 | I131: scenario_2 | J131: scenario_3 | K131: scenario_4 | L131: scenario_5 | M131: scenario_6 | N131: scenario_7 | O131: scenario_8 | P131: scenario_9 | Q131: scenario_10
B132: Flex demand amount file | D132: DEMAND_FLEX_PUB | E132: demand_flex_pub_amount_file | F132: str | G132: - | H132: TYNDP_2024_National_Trends | I132: TYNDP_2024_National_Trends | J132: TYNDP_2024_National_Trends | K132: TYNDP_2024_National_Trends
B133: Flex demand capacity | D133: DEMAND_FLEX_PUB | E133: demand_flex_pub_cap_file | F133: str | G133: - | H133: TYNDP_2024_National_Trends | I133: TYNDP_2024_National_Trends | J133: TYNDP_2024_National_Trends | K133: TYNDP_2024_National_Trends
B134: Willingness to pay | D134: DEMAND_FLEX_PUB | E134: demand_flex_pub_wtp | F134: float | G134: EUR/MWh | H134: 103 | I134: 103 | J134: 103 | K134: 103
B136: 2.1.0 | C136: EV flexload
D138: label | E138: key | F138: format | G138: unit | H138: scenario_1 | I138: scenario_2 | J138: scenario_3 | K138: scenario_4 | L138: scenario_5 | M138: scenario_6 | N138: scenario_7 | O138: scenario_8 | P138: scenario_9 | Q138: scenario_10
B139: Flex demand amount file | D139: DEMAND_FLEX_EV | E139: demand_flex_ev_amount_file | F139: str | G139: - | H139: TYNDP_2024_National_Trends | I139: TYNDP_2024_National_Trends | J139: TYNDP_2024_National_Trends | K139: TYNDP_2024_National_Trends
B140: Flex demand capacity | D140: DEMAND_FLEX_EV | E140: demand_flex_ev_cap_file | F140: str | G140: - | H140: TYNDP_2024_National_Trends | I140: TYNDP_2024_National_Trends | J140: TYNDP_2024_National_Trends | K140: TYNDP_2024_National_Trends
B141: Willingness to pay | D141: DEMAND_FLEX_EV | E141: demand_flex_ev_wtp | F141: float | G141: EUR/MWh | H141: 104 | I141: 104 | J141: 104 | K141: 104
C143: BESS
D145: label | E145: key | F145: format | G145: unit | H145: scenario_1 | I145: scenario_2 | J145: scenario_3 | K145: scenario_4 | L145: scenario_5 | M145: scenario_6 | N145: scenario_7 | O145: scenario_8 | P145: scenario_9 | Q145: scenario_10
B146: BESS units file | D146: BESS | E146: bess_units_file | F146: str | G146: - | H146: bess_units | I146: bess_units | J146: bess_units | K146: bess_units
B147: Initial state-of-charge | D147: BESS | E147: bess_initial_soc | F147: float | G147: - | H147: 0.5 | I147: 0.5 | J147: 0.5 | K147: 0.5
...

Sheet Python
A1: ='Project setup'!D8 -> label | B1: ='Project setup'!E8 -> key | C1: ='Project setup'!F8 -> format | D1: ='Project setup'!G8 -> unit | E1: ='Project setup'!H8 -> scenario_1 | F1: ='Project setup'!I8 -> scenario_2 | G1: ='Project setup'!J8 -> scenario_3 | H1: ='Project setup'!K8 -> scenario_4 | ... N1: ='Project setup'!Q8 -> scenario_10
A2: ='Project setup'!D9 -> SETUP | B2: ='Project setup'!E9 -> prediction_year | C2: ='Project setup'!F9 -> int | D2: ='Project setup'!G9 -> Year | E2: ='Project setup'!H9 -> 2040 | F2: ='Project setup'!I9 -> 2040 | G2: ='Project setup'!J9 -> 2040 | H2: ='Project setup'!K9 -> 2040 | ... N2: ='Project setup'!Q9 -> 0
A3: ='Project setup'!D16 -> WIND_ON | B3: ='Project setup'!E16 -> wind_onshore_wy | C3: ='Project setup'!F16 -> int | D3: ='Project setup'!G16 -> Year | E3: ='Project setup'!H16 -> 2020 | F3: ='Project setup'!I16 -> 2021 | G3: ='Project setup'!J16 -> 2023 | H3: ='Project setup'!K16 -> 2024 | ... N3: ='Project setup'!Q16 -> 0
A4: ='Project setup'!D17 -> WIND_ON | B4: ='Project setup'!E17 -> wind_onshore_cap_file | C4: ='Project setup'!F17 -> str | D4: ='Project setup'!G17 -> - | E4: ='Project setup'!H17 -> TYNDP_2024_National_Trends | F4: ='Project setup'!I17 -> TYNDP_2024_National_Trends | G4: ='Project setup'!J17 -> TYNDP_2024_National_Trends | H4: ='Project setup'!K17 -> TYNDP_2024_National_Trends | ... N4: ='Project setup'!Q17 -> 0
A5: ='Project setup'!D18 -> WIND_ON | B5: ='Project setup'!E18 -> wind_onshore_bid_price | C5: ='Project setup'!F18 -> float | D5: ='Project setup'!G18 | E5: ='Project setup'!H18 -> 0.01 | F5: ='Project setup'!I18 -> 0.01 | G5: ='Project setup'!J18 -> 0.01 | H5: ='Project setup'!K18 -> 0.01 | ... N5: ='Project setup'!Q18 -> 0
A6: ='Project setup'!D23 -> WIND_OFF | B6: ='Project setup'!E23 -> wind_offshore_wy | C6: ='Project setup'!F23 -> int | D6: ='Project setup'!G23 -> Year | E6: ='Project setup'!H23 -> 2020 | F6: ='Project setup'!I23 -> 2021 | G6: ='Project setup'!J23 -> 2023 | H6: ='Project setup'!K23 -> 2024 | ... N6: ='Project setup'!Q23 -> 0
A7: ='Project setup'!D24 -> WIND_OFF | B7: ='Project setup'!E24 -> wind_offshore_cap_file | C7: ='Project setup'!F24 -> str | D7: ='Project setup'!G24 -> - | E7: ='Project setup'!H24 -> TYNDP_2024_National_Trends | F7: ='Project setup'!I24 -> TYNDP_2024_National_Trends | G7: ='Project setup'!J24 -> TYNDP_2024_National_Trends | H7: ='Project setup'!K24 -> TYNDP_2024_National_Trends | ... N7: ='Project setup'!Q24 -> 0
A8: ='Project setup'!D25 -> WIND_OFF | B8: ='Project setup'!E25 -> wind_offshore_bid_price | C8: ='Project setup'!F25 -> float | D8: ='Project setup'!G25 -> EUR/MWh | E8: ='Project setup'!H25 -> 0.02 | F8: ='Project setup'!I25 -> 0.02 | G8: ='Project setup'!J25 -> 0.02 | H8: ='Project setup'!K25 -> 0.02 | ... N8: ='Project setup'!Q25 -> 0
A9: ='Project setup'!D30 -> SOLAR | B9: ='Project setup'!E30 -> solar_pv_wy | C9: ='Project setup'!F30 -> int | D9: ='Project setup'!G30 -> Year | E9: ='Project setup'!H30 -> 2020 | F9: ='Project setup'!I30 -> 2021 | G9: ='Project setup'!J30 -> 2023 | H9: ='Project setup'!K30 -> 2024 | ... N9: ='Project setup'!Q30 -> 0
A10: ='Project setup'!D31 -> SOLAR | B10: ='Project setup'!E31 -> solar_pv_cap_file | C10: ='Project setup'!F31 -> str | D10: ='Project setup'!G31 -> - | E10: ='Project setup'!H31 -> TYNDP_2024_National_Trends | F10: ='Project setup'!I31 -> TYNDP_2024_National_Trends | G10: ='Project setup'!J31 -> TYNDP_2024_National_Trends | H10: ='Project setup'!K31 -> TYNDP_2024_National_Trends | ... N10: ='Project setup'!Q31 -> 0
A11: ='Project setup'!D32 -> SOLAR | B11: ='Project setup'!E32 -> solar_pv_bid_price | C11: ='Project setup'!F32 -> float | D11: ='Project setup'!G32 -> EUR/MWh | E11: ='Project setup'!H32 -> 0.03 | F11: ='Project setup'!I32 -> 0.03 | G11: ='Project setup'!J32 -> 0.03 | H11: ='Project setup'!K32 -> 0.03 | ... N11: ='Project setup'!Q32 -> 0
A12: ='Project setup'!D39 -> HYDRO_ROR | B12: ='Project setup'!E39 -> hydro_ror_wy | C12: ='Project setup'!F39 -> int | D12: ='Project setup'!G39 -> Year | E12: ='Project setup'!H39 -> 2020 | F12: ='Project setup'!I39 -> 2021 | G12: ='Project setup'!J39 -> 2023 | H12: ='Project setup'!K39 -> 2024 | ... N12: ='Project setup'!Q39 -> 0
A13: ='Project setup'!D40 -> HYDRO_ROR | B13: ='Project setup'!E40 -> hydro_ror_cap_file | C13: ='Project setup'!F40 -> str | D13: ='Project setup'!G40 -> - | E13: ='Project setup'!H40 -> TYNDP_2024_National_Trends | F13: ='Project setup'!I40 -> TYNDP_2024_National_Trends | G13: ='Project setup'!J40 -> TYNDP_2024_National_Trends | H13: ='Project setup'!K40 -> TYNDP_2024_National_Trends | ... N13: ='Project setup'!Q40 -> 0
A14: ='Project setup'!D41 -> HYDRO_ROR | B14: ='Project setup'!E41 -> hydro_ror_bid_price | C14: ='Project setup'!F41 -> float | D14: ='Project setup'!G41 -> EUR/MWh | E14: ='Project setup'!H41 -> 0.04 | F14: ='Project setup'!I41 -> 0.04 | G14: ='Project setup'!J41 -> 0.04 | H14: ='Project setup'!K41 -> 0.04 | ... N14: ='Project setup'!Q41 -> 0
A15: ='Project setup'!D46 -> HYDRO_RES | B15: ='Project setup'!E46 -> hydro_res_units_file | C15: ='Project setup'!F46 -> float | D15: ='Project setup'!G46 -> % | E15: ='Project setup'!H46 -> hydro_reservoir_units | F15: ='Project setup'!I46 -> hydro_reservoir_units | G15: ='Project setup'!J46 -> hydro_reservoir_units | H15: ='Project setup'!K46 -> hydro_reservoir_units | ... N15: ='Project setup'!Q46 -> 0
A16: ='Project setup'!D47 -> HYDRO_RES | B16: ='Project setup'!E47 -> hydro_res_energy_wy | C16: ='Project setup'!F47 -> float | D16: ='Project setup'!G47 -> % | E16: ='Project setup'!H47 -> 2020 | F16: ='Project setup'!I47 -> 2021 | G16: ='Project setup'!J47 -> 2023 | H16: ='Project setup'!K47 -> 2024 | ... N16: ='Project setup'!Q47 -> 0
A17: ='Project setup'!D48 -> HYDRO_RES | B17: ='Project setup'!E48 -> hydro_res_bid_price | C17: ='Project setup'!F48 -> str | D17: ='Project setup'!G48 -> - | E17: ='Project setup'!H48 -> ramboll | F17: ='Project setup'!I48 -> ramboll | G17: ='Project setup'!J48 -> ramboll | H17: ='Project setup'!K48 -> ramboll | ... N17: ='Project setup'!Q48 -> 0
A18: ='Project setup'!D53 -> HYDRO_PS | B18: ='Project setup'!E53 -> hydro_ps_units_file | C18: ='Project setup'!F53 -> float | D18: ='Project setup'!G53 -> - | E18: ='Project setup'!H53 -> hydro_pumped_storage_units | F18: ='Project setup'!I53 -> hydro_pumped_storage_units | G18: ='Project setup'!J53 -> hydro_pumped_storage_units | H18: ='Project setup'!K53 -> hydro_pumped_storage_units | ... N18: ='Project setup'!Q53 -> 0
A19: ='Project setup'!D54 -> HYDRO_PS | B19: ='Project setup'!E54 -> hydro_ps_initial_soc | C19: ='Project setup'!F54 -> float | D19: ='Project setup'!G54 -> - | E19: ='Project setup'!H54 -> 0.5 | F19: ='Project setup'!I54 -> 0.5 | G19: ='Project setup'!J54 -> 0.5 | H19: ='Project setup'!K54 -> 0.5 | ... N19: ='Project setup'!Q54 -> 0
A20: ='Project setup'!D55 -> HYDRO_PS | B20: ='Project setup'!E55 -> hydro_ps_roundtrip | C20: ='Project setup'!F55 -> float | D20: ='Project setup'!G55 -> - | E20: ='Project setup'!H55 -> 0.9 | F20: ='Project setup'!I55 -> 0.9 | G20: ='Project setup'!J55 -> 0.9 | H20: ='Project setup'!K55 -> 0.9 | ... N20: ='Project setup'!Q55 -> 0
A21: ='Project setup'!D56 -> HYDRO_PS | B21: ='Project setup'!E56 -> hydro_ph_fuel_proj | C21: ='Project setup'!F56 -> str | D21: ='Project setup'!G56 -> - | E21: ='Project setup'!H56 -> ramboll | F21: ='Project setup'!I56 -> ramboll | G21: ='Project setup'!J56 -> ramboll | H21: ='Project setup'!K56 -> ramboll | ... N21: ='Project setup'!Q56 -> 0
A22: ='Project setup'!D61 -> THERMAL | B22: ='Project setup'!E61 -> thermal_units_file | C22: ='Project setup'!F61 -> str | D22: ='Project setup'!G61 -> - | E22: ='Project setup'!H61 -> thermal_plant_units | F22: ='Project setup'!I61 -> thermal_plant_units | G22: ='Project setup'!J61 -> thermal_plant_units | H22: ='Project setup'!K61 -> thermal_plant_units | ... N22: ='Project setup'!Q61 -> 0
A23: ='Project setup'!D62 -> THERMAL | B23: ='Project setup'!E62 -> thermal_fuel_proj | C23: ='Project setup'!F62 -> str | D23: ='Project setup'!G62 -> - | E23: ='Project setup'!H62 -> ramboll | F23: ='Project setup'!I62 -> ramboll | G23: ='Project setup'!J62 -> ramboll | H23: ='Project setup'!K62 -> ramboll | ... N23: ='Project setup'!Q62 -> 0
A24: ='Project setup'!D67 -> LINES | B24: ='Project setup'!E67 -> line_cap_file | C24: ='Project setup'!F67 -> str | D24: ='Project setup'!G67 -> - | E24: ='Project setup'!H67 -> entsoe | F24: ='Project setup'!I67 -> entsoe | G24: ='Project setup'!J67 -> entsoe | H24: ='Project setup'!K67 -> entsoe | ... N24: ='Project setup'!Q67 -> 0
A25: ='Project setup'!D74 -> DEMAND_INF_CLA | B25: ='Project setup'!E74 -> demand_inf_cla_py | C25: ='Project setup'!F74 -> int | D25: ='Project setup'!G74 -> Year | E25: ='Project setup'!H74 -> 2020 | F25: ='Project setup'!I74 -> 2020 | G25: ='Project setup'!J74 -> 2020 | H25: ='Project setup'!K74 -> 2020 | ... N25: ='Project setup'!Q74 -> 0
A26: ='Project setup'!D75 -> DEMAND_INF_CLA | B26: ='Project setup'!E75 -> demand_inf_cla_amount_file | C26: ='Project setup'!F75 -> str | D26: ='Project setup'!G75 -> - | E26: ='Project setup'!H75 -> TYNDP_2024_National_Trends | F26: ='Project setup'!I75 -> TYNDP_2024_National_Trends | G26: ='Project setup'!J75 -> TYNDP_2024_National_Trends | H26: ='Project setup'!K75 -> TYNDP_2024_National_Trends | ... N26: ='Project setup'!Q75 -> 0
A27: ='Project setup'!D76 -> DEMAND_INF_CLA | B27: ='Project setup'!E76 -> demand_inf_cla_voll | C27: ='Project setup'!F76 -> float | D27: ='Project setup'!G76 -> EUR/MWh | E27: ='Project setup'!H76 -> 5000 | F27: ='Project setup'!I76 -> 5000 | G27: ='Project setup'!J76 -> 5000 | H27: ='Project setup'!K76 -> 5000 | ... N27: ='Project setup'!Q76 -> 0
A28: ='Project setup'!D81 -> DEMAND_INF_IND | B28: ='Project setup'!E81 -> demand_inf_ind_py | C28: ='Project setup'!F81 -> int | D28: ='Project setup'!G81 -> Year | E28: ='Project setup'!H81 -> 2020 | F28: ='Project setup'!I81 -> 2020 | G28: ='Project setup'!J81 -> 2020 | H28: ='Project setup'!K81 -> 2020 | ... N28: ='Project setup'!Q81 -> 0
A29: ='Project setup'!D82 -> DEMAND_INF_IND | B29: ='Project setup'!E82 -> demand_inf_ind_amount_file | C29: ='Project setup'!F82 -> str | D29: ='Project setup'!G82 -> - | E29: ='Project setup'!H82 -> TYNDP_2024_National_Trends | F29: ='Project setup'!I82 -> TYNDP_2024_National_Trends | G29: ='Project setup'!J82 -> TYNDP_2024_National_Trends | H29: ='Project setup'!K82 -> TYNDP_2024_National_Trends | ... N29: ='Project setup'!Q82 -> 0
A30: ='Project setup'!D83 -> DEMAND_INF_IND | B30: ='Project setup'!E83 -> demand_inf_ind_voll | C30: ='Project setup'!F83 -> float | D30: ='Project setup'!G83 -> EUR/MWh | E30: ='Project setup'!H83 -> 5001 | F30: ='Project setup'!I83 -> 5001 | G30: ='Project setup'!J83 -> 5001 | H30: ='Project setup'!K83 -> 5001 | ... N30: ='Project setup'!Q83 -> 0
A31: ='Project setup'!D88 -> DEMAND_INF_HOU | B31: ='Project setup'!E88 -> demand_inf_hou_py | C31: ='Project setup'!F88 -> int | D31: ='Project setup'!G88 -> Year | E31: ='Project setup'!H88 -> 2020 | F31: ='Project setup'!I88 -> 2020 | G31: ='Project setup'!J88 -> 2020 | H31: ='Project setup'!K88 -> 2020 | ... N31: ='Project setup'!Q88 -> 0
A32: ='Project setup'!D89 -> DEMAND_INF_HOU | B32: ='Project setup'!E89 -> demand_inf_hou_amount_file | C32: ='Project setup'!F89 -> str | D32: ='Project setup'!G89 -> - | E32: ='Project setup'!H89 -> TYNDP_2024_National_Trends | F32: ='Project setup'!I89 -> TYNDP_2024_National_Trends | G32: ='Project setup'!J89 -> TYNDP_2024_National_Trends | H32: ='Project setup'!K89 -> TYNDP_2024_National_Trends | ... N32: ='Project setup'!Q89 -> 0
A33: ='Project setup'!D90 -> DEMAND_INF_HOU | B33: ='Project setup'!E90 -> demand_inf_hou_voll | C33: ='Project setup'!F90 -> float | D33: ='Project setup'!G90 -> EUR/MWh | E33: ='Project setup'!H90 -> 5002 | F33: ='Project setup'!I90 -> 5002 | G33: ='Project setup'!J90 -> 5002 | H33: ='Project setup'!K90 -> 5002 | ... N33: ='Project setup'!Q90 -> 0
A34: ='Project setup'!D95 -> DEMAND_INF_PUB | B34: ='Project setup'!E95 -> demand_inf_pub_py | C34: ='Project setup'!F95 -> int | D34: ='Project setup'!G95 -> Year | E34: ='Project setup'!H95 -> 2020 | F34: ='Project setup'!I95 -> 2020 | G34: ='Project setup'!J95 -> 2020 | H34: ='Project setup'!K95 -> 2020 | ... N34: ='Project setup'!Q95 -> 0
A35: ='Project setup'!D96 -> DEMAND_INF_PUB | B35: ='Project setup'!E96 -> demand_inf_pub_amount_file | C35: ='Project setup'!F96 -> str | D35: ='Project setup'!G96 -> - | E35: ='Project setup'!H96 -> TYNDP_2024_National_Trends | F35: ='Project setup'!I96 -> TYNDP_2024_National_Trends | G35: ='Project setup'!J96 -> TYNDP_2024_National_Trends | H35: ='Project setup'!K96 -> TYNDP_2024_National_Trends | ... N35: ='Project setup'!Q96 -> 0
A36: ='Project setup'!D97 -> DEMAND_INF_PUB | B36: ='Project setup'!E97 -> demand_inf_pub_voll | C36: ='Project setup'!F97 -> float | D36: ='Project setup'!G97 -> EUR/MWh | E36: ='Project setup'!H97 -> 5003 | F36: ='Project setup'!I97 -> 5003 | G36: ='Project setup'!J97 -> 5003 | H36: ='Project setup'!K97 -> 5003 | ... N36: ='Project setup'!Q97 -> 0
A37: ='Project setup'!D102 -> DEMAND_INF_EV | B37: ='Project setup'!E102 -> demand_inf_ev_py | C37: ='Project setup'!F102 -> int | D37: ='Project setup'!G102 -> Year | E37: ='Project setup'!H102 -> 2020 | F37: ='Project setup'!I102 -> 2020 | G37: ='Project setup'!J102 -> 2020 | H37: ='Project setup'!K102 -> 2020 | ... N37: ='Project setup'!Q102 -> 0
A38: ='Project setup'!D103 -> DEMAND_INF_EV | B38: ='Project setup'!E103 -> demand_inf_ev_amount_file | C38: ='Project setup'!F103 -> str | D38: ='Project setup'!G103 -> - | E38: ='Project setup'!H103 -> TYNDP_2024_National_Trends | F38: ='Project setup'!I103 -> TYNDP_2024_National_Trends | G38: ='Project setup'!J103 -> TYNDP_2024_National_Trends | H38: ='Project setup'!K103 -> TYNDP_2024_National_Trends | ... N38: ='Project setup'!Q103 -> 0
A39: ='Project setup'!D104 -> DEMAND_INF_EV | B39: ='Project setup'!E104 -> demand_inf_ev_voll | C39: ='Project setup'!F104 -> float | D39: ='Project setup'!G104 -> EUR/MWh | E39: ='Project setup'!H104 -> 5004 | F39: ='Project setup'!I104 -> 5004 | G39: ='Project setup'!J104 -> 5004 | H39: ='Project setup'!K104 -> 5004 | ... N39: ='Project setup'!Q104 -> 0
A40: ='Project setup'!D111 -> DEMAND_FLEX_CLA | B40: ='Project setup'!E111 -> demand_flex_cla_amount_file | C40: ='Project setup'!F111 -> str | D40: ='Project setup'!G111 -> - | E40: ='Project setup'!H111 -> TYNDP_2024_National_Trends | F40: ='Project setup'!I111 -> TYNDP_2024_National_Trends | G40: ='Project setup'!J111 -> TYNDP_2024_National_Trends | H40: ='Project setup'!K111 -> TYNDP_2024_National_Trends | ... N40: ='Project setup'!Q111 -> 0
A41: ='Project setup'!D112 -> DEMAND_FLEX_CLA | B41: ='Project setup'!E112 -> demand_flex_cla_cap_file | C41: ='Project setup'!F112 -> str | D41: ='Project setup'!G112 -> - | E41: ='Project setup'!H112 -> TYNDP_2024_National_Trends | F41: ='Project setup'!I112 -> TYNDP_2024_National_Trends | G41: ='Project setup'!J112 -> TYNDP_2024_National_Trends | H41: ='Project setup'!K112 -> TYNDP_2024_National_Trends | ... N41: ='Project setup'!Q112 -> 0
A42: ='Project setup'!D113 -> DEMAND_FLEX_CLA | B42: ='Project setup'!E113 -> demand_flex_cla_wtp | C42: ='Project setup'!F113 -> float | D42: ='Project setup'!G113 -> EUR/MWh | E42: ='Project setup'!H113 -> 100 | F42: ='Project setup'!I113 -> 100 | G42: ='Project setup'!J113 -> 100 | H42: ='Project setup'!K113 -> 100 | ... N42: ='Project setup'!Q113 -> 0
A43: ='Project setup'!D118 -> DEMAND_FLEX_IND | B43: ='Project setup'!E118 -> demand_flex_ind_amount_file | C43: ='Project setup'!F118 -> str | D43: ='Project setup'!G118 -> - | E43: ='Project setup'!H118 -> TYNDP_2024_National_Trends | F43: ='Project setup'!I118 -> TYNDP_2024_National_Trends | G43: ='Project setup'!J118 -> TYNDP_2024_National_Trends | H43: ='Project setup'!K118 -> TYNDP_2024_National_Trends | ... N43: ='Project setup'!Q118 -> 0
A44: ='Project setup'!D119 -> DEMAND_FLEX_IND | B44: ='Project setup'!E119 -> demand_flex_ind_cap_file | C44: ='Project setup'!F119 -> str | D44: ='Project setup'!G119 -> - | E44: ='Project setup'!H119 -> TYNDP_2024_National_Trends | F44: ='Project setup'!I119 -> TYNDP_2024_National_Trends | G44: ='Project setup'!J119 -> TYNDP_2024_National_Trends | H44: ='Project setup'!K119 -> TYNDP_2024_National_Trends | ... N44: ='Project setup'!Q119 -> 0
A45: ='Project setup'!D120 -> DEMAND_FLEX_IND | B45: ='Project setup'!E120 -> demand_flex_ind_wtp | C45: ='Project setup'!F120 -> float | D45: ='Project setup'!G120 -> EUR/MWh | E45: ='Project setup'!H120 -> 101 | F45: ='Project setup'!I120 -> 101 | G45: ='Project setup'!J120 -> 101 | H45: ='Project setup'!K120 -> 101 | ... N45: ='Project setup'!Q120 -> 0
A46: ='Project setup'!D125 -> DEMAND_FLEX_HOU | B46: ='Project setup'!E125 -> demand_flex_hou_amount_file | C46: ='Project setup'!F125 -> str | D46: ='Project setup'!G125 -> - | E46: ='Project setup'!H125 -> TYNDP_2024_National_Trends | F46: ='Project setup'!I125 -> TYNDP_2024_National_Trends | G46: ='Project setup'!J125 -> TYNDP_2024_National_Trends | H46: ='Project setup'!K125 -> TYNDP_2024_National_Trends | ... N46: ='Project setup'!Q125 -> 0
A47: ='Project setup'!D126 -> DEMAND_FLEX_HOU | B47: ='Project setup'!E126 -> demand_flex_hou_cap_file | C47: ='Project setup'!F126 -> str | D47: ='Project setup'!G126 -> - | E47: ='Project setup'!H126 -> TYNDP_2024_National_Trends | F47: ='Project setup'!I126 -> TYNDP_2024_National_Trends | G47: ='Project setup'!J126 -> TYNDP_2024_National_Trends | H47: ='Project setup'!K126 -> TYNDP_2024_National_Trends | ... N47: ='Project setup'!Q126 -> 0
A48: ='Project setup'!D127 -> DEMAND_FLEX_HOU | B48: ='Project setup'!E127 -> demand_flex_hou_wtp | C48: ='Project setup'!F127 -> float | D48: ='Project setup'!G127 -> EUR/MWh | E48: ='Project setup'!H127 -> 102 | F48: ='Project setup'!I127 -> 102 | G48: ='Project setup'!J127 -> 102 | H48: ='Project setup'!K127 -> 102 | ... N48: ='Project setup'!Q127 -> 0
A49: ='Project setup'!D132 -> DEMAND_FLEX_PUB | B49: ='Project setup'!E132 -> demand_flex_pub_amount_file | C49: ='Project setup'!F132 -> str | D49: ='Project setup'!G132 -> - | E49: ='Project setup'!H132 -> TYNDP_2024_National_Trends | F49: ='Project setup'!I132 -> TYNDP_2024_National_Trends | G49: ='Project setup'!J132 -> TYNDP_2024_National_Trends | H49: ='Project setup'!K132 -> TYNDP_2024_National_Trends | ... N49: ='Project setup'!Q132 -> 0
A50: ='Project setup'!D133 -> DEMAND_FLEX_PUB | B50: ='Project setup'!E133 -> demand_flex_pub_cap_file | C50: ='Project setup'!F133 -> str | D50: ='Project setup'!G133 -> - | E50: ='Project setup'!H133 -> TYNDP_2024_National_Trends | F50: ='Project setup'!I133 -> TYNDP_2024_National_Trends | G50: ='Project setup'!J133 -> TYNDP_2024_National_Trends | H50: ='Project setup'!K133 -> TYNDP_2024_National_Trends | ... N50: ='Project setup'!Q133 -> 0
A51: ='Project setup'!D134 -> DEMAND_FLEX_PUB | B51: ='Project setup'!E134 -> demand_flex_pub_wtp | C51: ='Project setup'!F134 -> float | D51: ='Project setup'!G134 -> EUR/MWh | E51: ='Project setup'!H134 -> 103 | F51: ='Project setup'!I134 -> 103 | G51: ='Project setup'!J134 -> 103 | H51: ='Project setup'!K134 -> 103 | ... N51: ='Project setup'!Q134 -> 0
A52: ='Project setup'!D139 -> DEMAND_FLEX_EV | B52: ='Project setup'!E139 -> demand_flex_ev_amount_file | C52: ='Project setup'!F139 -> str | D52: ='Project setup'!G139 -> - | E52: ='Project setup'!H139 -> TYNDP_2024_National_Trends | F52: ='Project setup'!I139 -> TYNDP_2024_National_Trends | G52: ='Project setup'!J139 -> TYNDP_2024_National_Trends | H52: ='Project setup'!K139 -> TYNDP_2024_National_Trends | ... N52: ='Project setup'!Q139 -> 0
A53: ='Project setup'!D140 -> DEMAND_FLEX_EV | B53: ='Project setup'!E140 -> demand_flex_ev_cap_file | C53: ='Project setup'!F140 -> str | D53: ='Project setup'!G140 -> - | E53: ='Project setup'!H140 -> TYNDP_2024_National_Trends | F53: ='Project setup'!I140 -> TYNDP_2024_National_Trends | G53: ='Project setup'!J140 -> TYNDP_2024_National_Trends | H53: ='Project setup'!K140 -> TYNDP_2024_National_Trends | ... N53: ='Project setup'!Q140 -> 0
A54: ='Project setup'!D141 -> DEMAND_FLEX_EV | B54: ='Project setup'!E141 -> demand_flex_ev_wtp | C54: ='Project setup'!F141 -> float | D54: ='Project setup'!G141 -> EUR/MWh | E54: ='Project setup'!H141 -> 104 | F54: ='Project setup'!I141 -> 104 | G54: ='Project setup'!J141 -> 104 | H54: ='Project setup'!K141 -> 104 | ... N54: ='Project setup'!Q141 -> 0
A55: ='Project setup'!D146 -> BESS | B55: ='Project setup'!E146 -> bess_units_file | C55: ='Project setup'!F146 -> str | D55: ='Project setup'!G146 -> - | E55: ='Project setup'!H146 -> bess_units | F55: ='Project setup'!I146 -> bess_units | G55: ='Project setup'!J146 -> bess_units | H55: ='Project setup'!K146 -> bess_units | ... N55: ='Project setup'!Q146 -> 0
A56: ='Project setup'!D147 -> BESS | B56: ='Project setup'!E147 -> bess_initial_soc | C56: ='Project setup'!F147 -> float | D56: ='Project setup'!G147 -> - | E56: ='Project setup'!H147 -> 0.5 | F56: ='Project setup'!I147 -> 0.5 | G56: ='Project setup'!J147 -> 0.5 | H56: ='Project setup'!K147 -> 0.5 | ... N56: ='Project setup'!Q147 -> 0
A57: ='Project setup'!D148 -> BESS | B57: ='Project setup'!E148 -> bess_roundtrip | C57: ='Project setup'!F148 -> float | D57: ='Project setup'!G148 -> - | E57: ='Project setup'!H148 -> 0.85 | F57: ='Project setup'!I148 -> 0.85 | G57: ='Project setup'!J148 -> 0.85 | H57: ='Project setup'!K148 -> 0.85 | ... N57: ='Project setup'!Q148 -> 0
A58: ='Project setup'!D153 -> PTX | B58: ='Project setup'!E153 -> ptx_units_file | C58: ='Project setup'!F153 -> str | D58: ='Project setup'!G153 -> - | E58: ='Project setup'!H153 -> ptx_units | F58: ='Project setup'!I153 -> ptx_units | G58: ='Project setup'!J153 -> ptx_units | H58: ='Project setup'!K153 -> ptx_units | ... N58: ='Project setup'!Q153 -> 0
A59: ='Project setup'!D158 -> DH | B59: ='Project setup'!E158 -> dh_units_file | C59: ='Project setup'!F158 -> str | D59: ='Project setup'!G158 -> - | E59: ='Project setup'!H158 -> district_heating_units | F59: ='Project setup'!I158 -> district_heating_units | G59: ='Project setup'!J158 -> district_heating_units | H59: ='Project setup'!K158 -> district_heating_units | ... N59: ='Project setup'!Q158 -> 0
